usuario_id,post_id,data
2,1,2024-01-15T09:00:00
3,1,2024-01-15T10:30:00
6,1,2024-01-15T11:15:00
12,1,2024-01-15T12:00:00
16,1,2024-01-15T13:45:00
1,2,2024-01-15T09:30:00
4,2,2024-01-15T10:00:00
7,2,2024-01-15T12:00:00
13,2,2024-01-15T14:30:00
21,2,2024-01-15T16:15:00
1,3,2024-01-14T19:00:00
2,3,2024-01-14T20:30:00
6,3,2024-01-15T08:00:00
8,3,2024-01-15T09:00:00
14,3,2024-01-15T10:30:00
23,3,2024-01-15T11:45:00
28,3,2024-01-15T13:00:00
34,3,2024-01-15T14:15:00
2,4,2024-01-13T11:00:00
3,4,2024-01-13T12:30:00
12,4,2024-01-13T14:00:00
16,4,2024-01-13T15:30:00
26,4,2024-01-13T17:00:00
1,5,2024-01-12T15:00:00
4,5,2024-01-12T16:30:00
12,5,2024-01-12T18:00:00
20,5,2024-01-12T19:30:00
30,5,2024-01-12T21:00:00
38,5,2024-01-13T08:30:00
1,6,2024-01-11T17:30:00
5,6,2024-01-11T19:00:00
27,6,2024-01-11T20:30:00
2,7,2024-01-10T21:00:00
7,7,2024-01-11T08:00:00
21,7,2024-01-11T10:00:00
35,7,2024-01-11T12:00:00
1,8,2024-01-09T16:30:00
2,8,2024-01-09T18:00:00
6,8,2024-01-09T19:30:00
8,8,2024-01-09T21:00:00
14,8,2024-01-10T08:30:00
23,8,2024-01-10T10:00:00
1,9,2024-01-15T12:00:00
6,9,2024-01-15T13:30:00
20,9,2024-01-15T15:00:00
26,9,2024-01-15T16:30:00
4,10,2024-01-14T14:30:00
6,10,2024-01-14T16:00:00
12,10,2024-01-14T17:30:00
23,10,2024-01-14T19:00:00
26,10,2024-01-14T20:30:00
28,10,2024-01-15T08:00:00
34,10,2024-01-15T09:30:00
1,11,2024-01-13T20:00:00
6,11,2024-01-13T21:30:00
30,11,2024-01-14T08:00:00
1,12,2024-01-12T09:00:00
4,12,2024-01-12T10:30:00
6,12,2024-01-12T12:00:00
9,12,2024-01-12T13:30:00
14,12,2024-01-12T15:00:00
23,12,2024-01-12T16:30:00
34,12,2024-01-12T18:00:00
41,12,2024-01-12T19:30:00
43,12,2024-01-12T21:00:00
2,13,2024-01-11T15:00:00
4,13,2024-01-11T16:30:00
14,13,2024-01-11T18:00:00
23,13,2024-01-11T19:30:00
28,13,2024-01-11T21:00:00
34,13,2024-01-12T08:30:00
1,14,2024-01-10T22:00:00
4,14,2024-01-11T08:00:00
12,14,2024-01-11T09:30:00
23,14,2024-01-11T11:00:00
28,14,2024-01-11T12:30:00
1,15,2024-01-09T11:00:00
4,15,2024-01-09T12:30:00
12,15,2024-01-09T14:00:00
20,15,2024-01-09T15:30:00
1,16,2024-01-15T07:30:00
16,16,2024-01-15T09:00:00
23,16,2024-01-15T10:30:00
7,17,2024-01-14T18:00:00
10,17,2024-01-14T19:30:00
25,17,2024-01-14T21:00:00
2,18,2024-01-13T21:30:00
13,18,2024-01-14T08:00:00
5,19,2024-01-12T17:00:00
11,19,2024-01-12T18:30:00
15,19,2024-01-12T20:00:00
29,19,2024-01-12T21:30:00
8,20,2024-01-11T13:00:00
18,20,2024-01-11T14:30:00
32,20,2024-01-11T16:00:00
1,21,2024-01-10T10:30:00
6,21,2024-01-10T12:00:00
12,21,2024-01-10T13:30:00
20,21,2024-01-10T15:00:00
26,21,2024-01-10T16:30:00
30,21,2024-01-10T18:00:00
3,22,2024-01-09T19:00:00
5,22,2024-01-09T20:30:00
17,22,2024-01-10T08:00:00
4,23,2024-01-15T16:30:00
6,23,2024-01-15T18:00:00
14,23,2024-01-15T19:30:00
23,23,2024-01-15T21:00:00
26,23,2024-01-16T08:30:00
28,23,2024-01-16T10:00:00
34,23,2024-01-16T11:30:00
1,24,2024-01-14T17:00:00
6,24,2024-01-14T18:30:00
30,24,2024-01-14T20:00:00
1,25,2024-01-13T12:00:00
6,25,2024-01-13T13:30:00
12,25,2024-01-13T15:00:00
20,25,2024-01-13T16:30:00
38,25,2024-01-13T18:00:00
1,26,2024-01-12T14:30:00
4,26,2024-01-12T16:00:00
9,26,2024-01-12T17:30:00
23,26,2024-01-12T19:00:00
41,26,2024-01-12T20:30:00
1,27,2024-01-11T11:00:00
4,27,2024-01-11T12:30:00
6,27,2024-01-11T14:00:00
8,27,2024-01-11T15:30:00
14,27,2024-01-11T17:00:00
23,27,2024-01-11T18:30:00
28,27,2024-01-11T20:00:00
32,27,2024-01-11T21:30:00
43,27,2024-01-12T08:00:00
1,28,2024-01-10T08:00:00
4,28,2024-01-10T09:30:00
6,28,2024-01-10T11:00:00
12,28,2024-01-10T12:30:00
14,28,2024-01-10T14:00:00
20,28,2024-01-10T15:30:00
26,28,2024-01-10T17:00:00
34,28,2024-01-10T18:30:00
8,29,2024-01-09T20:30:00
18,29,2024-01-09T22:00:00
32,29,2024-01-10T08:30:00
5,30,2024-01-15T15:00:00
11,30,2024-01-15T16:30:00
24,30,2024-01-15T18:00:00
10,31,2024-01-14T13:30:00
19,31,2024-01-14T15:00:00
33,31,2024-01-14T16:30:00
15,32,2024-01-13T18:30:00
22,32,2024-01-13T20:00:00
40,32,2024-01-13T21:30:00
10,33,2024-01-12T21:00:00
25,33,2024-01-12T22:30:00
37,33,2024-01-13T08:00:00
3,34,2024-01-11T16:00:00
27,34,2024-01-11T17:30:00
39,34,2024-01-11T19:00:00
15,35,2024-01-10T12:30:00
29,35,2024-01-10T14:00:00
40,35,2024-01-10T15:30:00
5,36,2024-01-09T09:30:00
17,36,2024-01-09T11:00:00
31,36,2024-01-09T12:30:00
1,37,2024-01-15T22:00:00
2,37,2024-01-16T08:00:00
7,37,2024-01-16T09:30:00
2,38,2024-01-14T11:30:00
13,38,2024-01-14T13:00:00
21,38,2024-01-14T14:30:00
35,38,2024-01-14T16:00:00
2,39,2024-01-13T15:30:00
21,39,2024-01-13T17:00:00
35,39,2024-01-13T18:30:00
2,40,2024-01-12T19:00:00
13,40,2024-01-12T20:30:00
21,40,2024-01-12T22:00:00
4,41,2024-01-11T10:00:00
6,41,2024-01-11T11:30:00
14,41,2024-01-11T13:00:00
23,41,2024-01-11T14:30:00
26,41,2024-01-11T16:00:00
28,41,2024-01-11T17:30:00
11,42,2024-01-10T17:30:00
24,42,2024-01-10T19:00:00
36,42,2024-01-10T20:30:00
4,43,2024-01-09T14:30:00
6,43,2024-01-09T16:00:00
14,43,2024-01-09T17:30:00
23,43,2024-01-09T19:00:00
28,43,2024-01-09T20:30:00
1,44,2024-01-15T11:00:00
4,44,2024-01-15T12:30:00
6,44,2024-01-15T14:00:00
8,44,2024-01-15T15:30:00
14,44,2024-01-15T17:00:00
43,44,2024-01-15T18:30:00
1,45,2024-01-14T16:00:00
6,45,2024-01-14T17:30:00
20,45,2024-01-14T19:00:00
1,46,2024-01-13T09:30:00
4,46,2024-01-13T11:00:00
9,46,2024-01-13T12:30:00
14,46,2024-01-13T14:00:00
23,46,2024-01-13T15:30:00
41,46,2024-01-13T17:00:00
1,47,2024-01-12T23:30:00
4,47,2024-01-13T08:00:00
12,47,2024-01-13T09:30:00
23,47,2024-01-13T11:00:00
1,48,2024-01-11T18:00:00
2,48,2024-01-11T19:30:00
6,48,2024-01-11T21:00:00
14,48,2024-01-11T22:30:00
1,49,2024-01-10T13:00:00
2,49,2024-01-10T14:30:00
12,49,2024-01-10T16:00:00
4,50,2024-01-09T08:30:00
6,50,2024-01-09T10:00:00
14,50,2024-01-09T11:30:00
26,50,2024-01-09T13:00:00
34,50,2024-01-09T14:30:00
49,50,2024-01-09T16:00:00
1,51,2024-01-15T17:30:00
4,51,2024-01-15T19:00:00
6,51,2024-01-15T20:30:00
14,51,2024-01-15T22:00:00
23,51,2024-01-16T08:00:00
26,51,2024-01-16T09:30:00
1,52,2024-01-14T12:00:00
6,52,2024-01-14T13:30:00
20,52,2024-01-14T15:00:00
30,52,2024-01-14T16:30:00
38,52,2024-01-14T18:00:00
1,53,2024-01-13T10:00:00
4,53,2024-01-13T11:30:00
12,53,2024-01-13T13:00:00
23,53,2024-01-13T14:30:00
41,53,2024-01-13T16:00:00
1,54,2024-01-12T11:30:00
6,54,2024-01-12T13:00:00
16,54,2024-01-12T14:30:00
1,55,2024-01-11T15:30:00
6,55,2024-01-11T17:00:00
12,55,2024-01-11T18:30:00
20,55,2024-01-11T20:00:00
1,56,2024-01-10T09:00:00
6,56,2024-01-10T10:30:00
30,56,2024-01-10T12:00:00
1,57,2024-01-09T17:00:00
9,57,2024-01-09T18:30:00
23,57,2024-01-09T20:00:00
41,57,2024-01-09T21:30:00
2,58,2024-01-15T20:30:00
7,58,2024-01-15T22:00:00
21,58,2024-01-16T08:00:00
2,59,2024-01-14T22:30:00
13,59,2024-01-15T08:00:00
2,60,2024-01-13T19:00:00
13,60,2024-01-13T20:30:00
21,60,2024-01-13T22:00:00
35,60,2024-01-14T08:30:00
4,61,2024-01-12T16:00:00
14,61,2024-01-12T17:30:00
23,61,2024-01-12T19:00:00
28,61,2024-01-12T20:30:00
1,62,2024-01-11T12:30:00
4,62,2024-01-11T14:00:00
14,62,2024-01-11T15:30:00
23,62,2024-01-11T17:00:00
43,62,2024-01-11T18:30:00
1,63,2024-01-10T07:30:00
16,63,2024-01-10T09:00:00
10,64,2024-01-09T20:00:00
25,64,2024-01-09T21:30:00
15,65,2024-01-15T14:00:00
29,65,2024-01-15T15:30:00
40,65,2024-01-15T17:00:00
8,66,2024-01-14T10:30:00
18,66,2024-01-14T12:00:00
15,67,2024-01-13T17:30:00
22,67,2024-01-13T19:00:00
10,68,2024-01-12T13:00:00
25,68,2024-01-12T14:30:00
3,69,2024-01-11T09:00:00
27,69,2024-01-11T10:30:00
15,70,2024-01-10T18:30:00
29,70,2024-01-10T20:00:00
5,71,2024-01-09T15:30:00
17,71,2024-01-09T17:00:00
5,72,2024-01-15T08:00:00
17,72,2024-01-15T09:30:00
11,73,2024-01-14T21:00:00
24,73,2024-01-14T22:30:00
10,74,2024-01-13T13:30:00
19,74,2024-01-13T15:00:00
8,75,2024-01-12T10:30:00
32,75,2024-01-12T12:00:00
10,76,2024-01-11T19:00:00
33,76,2024-01-11T20:30:00
2,77,2024-01-10T14:00:00
21,77,2024-01-10T15:30:00
35,77,2024-01-10T17:00:00
10,78,2024-01-09T21:30:00
37,78,2024-01-10T08:00:00
3,79,2024-01-15T16:30:00
27,79,2024-01-15T18:00:00
15,80,2024-01-14T12:00:00
29,80,2024-01-14T13:30:00
5,81,2024-01-13T08:00:00
17,81,2024-01-13T09:30:00
2,82,2024-01-12T17:30:00
21,82,2024-01-12T19:00:00
10,83,2024-01-11T14:30:00
19,83,2024-01-11T16:00:00
1,84,2024-01-10T11:00:00
6,84,2024-01-10T12:30:00
20,84,2024-01-10T14:00:00
11,85,2024-01-09T19:00:00
24,85,2024-01-09T20:30:00
10,86,2024-01-15T15:30:00
25,86,2024-01-15T17:00:00
3,87,2024-01-14T11:30:00
27,87,2024-01-14T13:00:00
3,88,2024-01-13T18:00:00
27,88,2024-01-13T19:30:00
8,89,2024-01-12T14:00:00
32,89,2024-01-12T15:30:00
5,90,2024-01-11T10:30:00
17,90,2024-01-11T12:00:00
11,91,2024-01-10T16:30:00
24,91,2024-01-10T18:00:00
8,92,2024-01-09T13:00:00
32,92,2024-01-09T14:30:00
11,93,2024-01-15T09:00:00
24,93,2024-01-15T10:30:00
4,94,2024-01-14T17:30:00
6,94,2024-01-14T19:00:00
14,94,2024-01-14T20:30:00
26,94,2024-01-14T22:00:00
1,95,2024-01-13T11:30:00
4,95,2024-01-13T13:00:00
23,95,2024-01-13T14:30:00
41,95,2024-01-13T16:00:00
1,96,2024-01-12T22:00:00
4,96,2024-01-13T08:00:00
12,96,2024-01-13T09:30:00
4,97,2024-01-11T08:00:00
6,97,2024-01-11T09:30:00
14,97,2024-01-11T11:00:00
26,97,2024-01-11T12:30:00
49,97,2024-01-11T14:00:00
1,98,2024-01-10T15:30:00
6,98,2024-01-10T17:00:00
20,98,2024-01-10T18:30:00
4,99,2024-01-09T18:30:00
14,99,2024-01-09T20:00:00
23,99,2024-01-09T21:30:00
28,99,2024-01-10T08:00:00
1,100,2024-01-15T12:00:00
4,100,2024-01-15T13:30:00
8,100,2024-01-15T15:00:00
14,100,2024-01-15T16:30:00
43,100,2024-01-15T18:00:00